{
  "pages": [
    {
      "storeFrontOid": 0,
      "catalogGroupOid": 0,
      "merchantId": "",
      "code": "",
      "path": "/",
      "title": "Home",
      "description": "",
      "root": true,
      "itemTemplate": "template_item.vm",
      "groupTemplate": "template_home.vm",
      "excludeFromSitemap": false,
      "dirtyItems": false,
      "dirtySelectors": false,
      "dirtyMultimedia": false,
      "multimedia": [],
      "attributes": [
        {
          "catalogGroupOid": 0,
          "catalogGroupAttributeOid": 0,
          "name": "content",
          "value": "\u003cp\u003eLocated in Chicago, Illinois, MR. TEAS has provided the highest quality teas, tea blends, exotic spices, and tea accessories since 1961. Combining high quality products, discount prices, and witty literary references, MR. TEAS offers supreme tea sophistication. Check out our featured products below. (Feel free to edit and use this copy as your own.)\u003cp\u003e",
          "type": "html",
          "usedByCurrentTheme": false
        },
        {
          "catalogGroupOid": 0,
          "catalogGroupAttributeOid": 0,
          "name": "home slider",
          "value": "{\"settings\":{\"autoPlay\":true,\"autoPlaySpeed\":\"3000\",\"coverMode\":true},\"slides\":[{\"enabled\":true,\"preview\":false,\"description\":\"Home Slider 1\",\"image\":\"/homeslider/slider-new-1.jpg\",\"link\":\"/cupoftea.html\",\"caption1\":\"Featured Item Title\",\"caption2\":\"Featured Subtitle\",\"caption3\":\"\",\"caption4\":\"\",\"caption5\":\"\",\"caption6\":\"\",\"html\":\"\"},{\"enabled\":true,\"preview\":false,\"description\":\"Home Slider 2\",\"image\":\"/homeslider/slider-new-2.jpg\",\"link\":\"/Earth_Tone_Teapot.html\",\"caption1\":\"Earth Tone Teapot\",\"caption2\":\"Subtitle\",\"caption3\":\"\",\"caption4\":\"\",\"caption5\":\"\",\"caption6\":\"\",\"html\":\"\"},{\"enabled\":true,\"preview\":false,\"description\":\"Home Slider 3\",\"image\":\"/homeslider/slider-new-3.jpg\",\"link\":\"/earthtone_mug.html\",\"caption1\":\"Earth Tone Mug\",\"caption2\":\"Subtitle\",\"caption3\":\"\",\"caption4\":\"\",\"caption5\":\"\",\"caption6\":\"\",\"html\":\"\"}]}",
          "type": "slider",
          "usedByCurrentTheme": false
        },
        {
          "catalogGroupOid": 0,
          "catalogGroupAttributeOid": 0,
          "name": "home slider autoplay",
          "value": "false",
          "type": "boolean",
          "usedByCurrentTheme": false
        },
        {
          "catalogGroupOid": 0,
          "catalogGroupAttributeOid": 0,
          "name": "home slider autoplay speed",
          "value": "",
          "type": "string",
          "usedByCurrentTheme": false
        },
        {
          "catalogGroupOid": 0,
          "catalogGroupAttributeOid": 0,
          "name": "home slider items",
          "value": "",
          "type": "itemset",
          "usedByCurrentTheme": false
        },
        {
          "catalogGroupOid": 0,
          "catalogGroupAttributeOid": 0,
          "name": "subtitle",
          "value": "Welcome to Mr Teas",
          "type": "string",
          "usedByCurrentTheme": false
        }
      ],
      "permissions": [],
      "selectors": [],
      "items": [
        {
          "catalogGroupOid": 0,
          "merchantItemOid": 0,
          "itemId": "cupoftea",
          "description": "Black Tea",
          "manufacturerName": "",
          "cost": "13.99"
        },
        {
          "catalogGroupOid": 0,
          "merchantItemOid": 0,
          "itemId": "Earth_Tone_Teapot",
          "description": "Earth Tone Teapot",
          "manufacturerName": "",
          "cost": "19.99"
        },
        {
          "catalogGroupOid": 0,
          "merchantItemOid": 0,
          "itemId": "earthtone_mug",
          "description": "Earth Tone Mug",
          "manufacturerName": "",
          "cost": "9.99"
        },
        {
          "catalogGroupOid": 0,
          "merchantItemOid": 0,
          "itemId": "simplemug",
          "description": "Simple Mug",
          "manufacturerName": "",
          "cost": "12.99"
        },
        {
          "catalogGroupOid": 0,
          "merchantItemOid": 0,
          "itemId": "teaset",
          "description": "Herbal Tea",
          "manufacturerName": "",
          "cost": "15.99"
        },
        {
          "catalogGroupOid": 0,
          "merchantItemOid": 0,
          "itemId": "Test2",
          "description": "Testing No Image",
          "manufacturerName": "",
          "cost": "0.00"
        }
      ],
      "hasSelectors": false,
      "matchAllSelectors": false,
      "noItemPages": false,
      "pageType": "D",
      "sortOrderChildGroups": "TA",
      "sortOrderChildItems": "IA",
      "visible": true,
      "groupTemplateSupportsPagination": false,
      "supportsSubPages": true,
      "supportsItems": false,
      "supportsBlogPosts": false,
      "descriptionUsed": false,
      "blogPostTemplate": "",
      "blogPostSelectors": [],
      "blogPosts": [],
      "dirtyBlogPosts": false,
      "dirtyBlogPostSelectors": false,
      "matchAllBlogPostSelectors": false,
      "hasBlogPostSelectors": false
    },
    {
      "storeFrontOid": 0,
      "catalogGroupOid": 0,
      "merchantId": "",
      "code": "about",
      "path": "/about/",
      "title": "About",
      "description": "description",
      "root": false,
      "itemTemplate": "template_item.vm",
      "groupTemplate": "template_page.vm",
      "excludeFromSitemap": false,
      "dirtyItems": false,
      "dirtySelectors": false,
      "dirtyMultimedia": false,
      "multimedia": [],
      "attributes": [
        {
          "catalogGroupOid": 0,
          "catalogGroupAttributeOid": 0,
          "name": "content",
          "value": "\u003cp\u003eHere at MR. TEAS we have been selling the finest teas since our early beginnings  in 1956. Whether it is an exotic blend of tea or a handcrafted tea kettle we strive to serve you with only the highest quality products that are guaranteed to sooth your soul. At MR. TEAS we believe in two things, respecting your mother, and drinking tea. \u003cp\u003e\n\n\u003cp\u003e \u003ci\u003eAn about page can be a very important part of your site. It gives your customers a little bit more information about your business and what you stand for. Here is a list of things that can help you achieve a more engaging about page.\u003c/i\u003e \u003cbr\u003e\u003cbr\u003e\n\n\u003cul\u003e\n\u003cli\u003e \u003ci\u003eMission and Vision\u003c/i\u003e\u003c/li\u003e\n\u003cli\u003e \u003ci\u003eStaff and bios\u003c/i\u003e\u003c/li\u003e\n\u003cli\u003e \u003ci\u003ePhotos of History / Founder\u003c/i\u003e\u003c/li\u003e\n\u003cli\u003e \u003ci\u003eUsing Keywords\u003c/i\u003e\u003c/li\u003e\n\u003cli\u003e \u003ci\u003eInternal Links (Social Media)\u003c/i\u003e\u003c/li\u003e\n\n\u003c/ul\u003e\n\n \u003cp\u003e",
          "type": "html",
          "usedByCurrentTheme": false
        },
        {
          "catalogGroupOid": 0,
          "catalogGroupAttributeOid": 0,
          "name": "storefrontSEODescription",
          "value": "page meta description",
          "type": "reserved",
          "usedByCurrentTheme": false
        },
        {
          "catalogGroupOid": 0,
          "catalogGroupAttributeOid": 0,
          "name": "storefrontSEOKeywords",
          "value": "page,meta,keywords",
          "type": "reserved",
          "usedByCurrentTheme": false
        },
        {
          "catalogGroupOid": 0,
          "catalogGroupAttributeOid": 0,
          "name": "subtitle",
          "value": "About Us 1",
          "type": "string",
          "usedByCurrentTheme": false
        }
      ],
      "permissions": [],
      "selectors": [],
      "items": [],
      "hasSelectors": false,
      "matchAllSelectors": false,
      "noItemPages": false,
      "pageType": "S",
      "visible": true,
      "groupTemplateSupportsPagination": false,
      "supportsSubPages": true,
      "supportsItems": false,
      "supportsBlogPosts": false,
      "descriptionUsed": false,
      "blogPostSelectors": [],
      "blogPosts": [],
      "dirtyBlogPosts": false,
      "dirtyBlogPostSelectors": false,
      "matchAllBlogPostSelectors": false,
      "hasBlogPostSelectors": false
    },
    {
      "storeFrontOid": 0,
      "catalogGroupOid": 0,
      "merchantId": "",
      "code": "blog",
      "path": "/blog/",
      "title": "Blog",
      "description": "",
      "root": false,
      "itemTemplate": "template_item.vm",
      "groupTemplate": "template_blog.vm",
      "excludeFromSitemap": false,
      "dirtyItems": false,
      "dirtySelectors": false,
      "dirtyMultimedia": false,
      "multimedia": [],
      "attributes": [
        {
          "catalogGroupOid": 0,
          "catalogGroupAttributeOid": 0,
          "name": "subtitle",
          "value": "",
          "type": "string",
          "usedByCurrentTheme": false
        }
      ],
      "permissions": [],
      "selectors": [],
      "items": [],
      "hasSelectors": false,
      "matchAllSelectors": false,
      "noItemPages": false,
      "pageType": "D",
      "sortOrderChildGroups": "TA",
      "sortOrderChildItems": "IA",
      "visible": true,
      "itemsPerPage": 50,
      "groupTemplateSupportsPagination": false,
      "supportsSubPages": false,
      "supportsItems": false,
      "supportsBlogPosts": false,
      "descriptionUsed": false,
      "blogPostTemplate": "template_blog_post.vm",
      "blogPostSelectors": [
        {
          "selectorTypes": [
            "all",
            "author name",
            "attribute",
            "tag"
          ],
          "catalogGroupBlogPostSelectorOid": 0,
          "catalogGroupOid": 0,
          "selectorType": "all"
        }
      ],
      "blogPosts": [
        {
          "catalogGroupOid": 0,
          "storeFrontBlogPostOid": 81,
          "title": "Blog Post Sample 1"
        }
      ],
      "dirtyBlogPosts": false,
      "dirtyBlogPostSelectors": false,
      "matchAllBlogPostSelectors": false,
      "hasBlogPostSelectors": true
    },
    {
      "storeFrontOid": 0,
      "catalogGroupOid": 0,
      "merchantId": "",
      "code": "contact",
      "path": "/contact/",
      "title": "Contact",
      "description": "description",
      "root": false,
      "itemTemplate": "",
      "groupTemplate": "template_contact.vm",
      "excludeFromSitemap": false,
      "dirtyItems": false,
      "dirtySelectors": false,
      "dirtyMultimedia": false,
      "multimedia": [],
      "attributes": [
        {
          "catalogGroupOid": 0,
          "catalogGroupAttributeOid": 0,
          "name": "content",
          "value": "If you have questions about your order, or about any of our products feel free to shoot us an email and we will get back to you as soon as we can.",
          "type": "multiline",
          "usedByCurrentTheme": false
        },
        {
          "catalogGroupOid": 0,
          "catalogGroupAttributeOid": 0,
          "name": "subtitle",
          "value": "Contact Us",
          "type": "string",
          "usedByCurrentTheme": false
        }
      ],
      "permissions": [],
      "selectors": [],
      "items": [],
      "hasSelectors": false,
      "matchAllSelectors": false,
      "noItemPages": false,
      "pageType": "S",
      "visible": true,
      "groupTemplateSupportsPagination": false,
      "supportsSubPages": true,
      "supportsItems": false,
      "supportsBlogPosts": false,
      "descriptionUsed": false,
      "blogPostSelectors": [],
      "blogPosts": [],
      "dirtyBlogPosts": false,
      "dirtyBlogPostSelectors": false,
      "matchAllBlogPostSelectors": false,
      "hasBlogPostSelectors": false
    },
    {
      "storeFrontOid": 0,
      "catalogGroupOid": 0,
      "merchantId": "",
      "code": "thanks",
      "path": "/contact/thanks/",
      "title": "Contact - Thanks",
      "description": "description",
      "root": false,
      "itemTemplate": "",
      "groupTemplate": "template_page.vm",
      "excludeFromSitemap": false,
      "dirtyItems": false,
      "dirtySelectors": false,
      "dirtyMultimedia": false,
      "multimedia": [],
      "attributes": [
        {
          "catalogGroupOid": 0,
          "catalogGroupAttributeOid": 0,
          "name": "content",
          "value": "We\u0027re always glad to hear from our customers.",
          "type": "multiline",
          "usedByCurrentTheme": false
        },
        {
          "catalogGroupOid": 0,
          "catalogGroupAttributeOid": 0,
          "name": "subtitle",
          "value": "Thanks for contacting us!",
          "type": "string",
          "usedByCurrentTheme": false
        }
      ],
      "permissions": [],
      "selectors": [],
      "items": [],
      "hasSelectors": false,
      "matchAllSelectors": false,
      "noItemPages": false,
      "pageType": "S",
      "visible": true,
      "groupTemplateSupportsPagination": false,
      "supportsSubPages": true,
      "supportsItems": false,
      "supportsBlogPosts": false,
      "descriptionUsed": false,
      "blogPostSelectors": [],
      "blogPosts": [],
      "dirtyBlogPosts": false,
      "dirtyBlogPostSelectors": false,
      "matchAllBlogPostSelectors": false,
      "hasBlogPostSelectors": false
    },
    {
      "storeFrontOid": 0,
      "catalogGroupOid": 0,
      "merchantId": "",
      "code": "help",
      "path": "/help/",
      "title": "Help",
      "description": "description",
      "root": false,
      "itemTemplate": "",
      "groupTemplate": "template_page.vm",
      "excludeFromSitemap": false,
      "dirtyItems": false,
      "dirtySelectors": false,
      "dirtyMultimedia": false,
      "multimedia": [],
      "attributes": [
        {
          "catalogGroupOid": 0,
          "catalogGroupAttributeOid": 0,
          "name": "content",
          "value": "",
          "type": "html",
          "usedByCurrentTheme": false
        },
        {
          "catalogGroupOid": 0,
          "catalogGroupAttributeOid": 0,
          "name": "subtitle",
          "value": "",
          "type": "string",
          "usedByCurrentTheme": false
        }
      ],
      "permissions": [],
      "selectors": [],
      "items": [],
      "hasSelectors": false,
      "matchAllSelectors": false,
      "noItemPages": false,
      "pageType": "S",
      "visible": true,
      "groupTemplateSupportsPagination": false,
      "supportsSubPages": true,
      "supportsItems": false,
      "supportsBlogPosts": false,
      "descriptionUsed": false,
      "blogPostSelectors": [],
      "blogPosts": [],
      "dirtyBlogPosts": false,
      "dirtyBlogPostSelectors": false,
      "matchAllBlogPostSelectors": false,
      "hasBlogPostSelectors": false
    },
    {
      "storeFrontOid": 0,
      "catalogGroupOid": 0,
      "merchantId": "",
      "code": "accessibility",
      "path": "/help/accessibility/",
      "title": "Accessibility",
      "description": "description",
      "root": false,
      "itemTemplate": "template_item.vm",
      "groupTemplate": "template_page.vm",
      "excludeFromSitemap": false,
      "dirtyItems": false,
      "dirtySelectors": false,
      "dirtyMultimedia": false,
      "multimedia": [],
      "attributes": [
        {
          "catalogGroupOid": 0,
          "catalogGroupAttributeOid": 0,
          "name": "content",
          "value": "\u003cp\u003e Website accessibility is an optional feature that makes navigation through your site simpler. Whether for general use or individuals with disabilities, accessibility can be features like shortcuts, hot keys, and other tools that help with functionality or navigation. For example, listing functions such as:\n\u003cp\u003eTab key to navigate through text fields",
          "type": "html",
          "usedByCurrentTheme": false
        },
        {
          "catalogGroupOid": 0,
          "catalogGroupAttributeOid": 0,
          "name": "subtitle",
          "value": "",
          "type": "string",
          "usedByCurrentTheme": false
        }
      ],
      "permissions": [],
      "selectors": [],
      "items": [],
      "hasSelectors": false,
      "matchAllSelectors": false,
      "noItemPages": false,
      "pageType": "S",
      "visible": true,
      "groupTemplateSupportsPagination": false,
      "supportsSubPages": true,
      "supportsItems": false,
      "supportsBlogPosts": false,
      "descriptionUsed": false,
      "blogPostSelectors": [],
      "blogPosts": [],
      "dirtyBlogPosts": false,
      "dirtyBlogPostSelectors": false,
      "matchAllBlogPostSelectors": false,
      "hasBlogPostSelectors": false
    },
    {
      "storeFrontOid": 0,
      "catalogGroupOid": 0,
      "merchantId": "",
      "code": "faqs",
      "path": "/help/faqs/",
      "title": "FAQs",
      "description": "description",
      "root": false,
      "itemTemplate": "template_item.vm",
      "groupTemplate": "template_page.vm",
      "excludeFromSitemap": false,
      "dirtyItems": false,
      "dirtySelectors": false,
      "dirtyMultimedia": false,
      "multimedia": [],
      "attributes": [
        {
          "catalogGroupOid": 0,
          "catalogGroupAttributeOid": 0,
          "name": "content",
          "value": "\u003cp\u003eThis section is formatted to answer any generic questions that customers have for quick and easy access. Frequently asked questions can be gathered from actual questions that you encounter regularly from customers, or any preemptive answers to questions you assume will be asked. This provides quick solutions for customers and less support calls for the seller. For example:\n\n\u003cp\u003e\u003cb\u003eHow long does it take for my order to process?\u003c/b\u003e\n\u003cbr\u003e\u003ci\u003eAll orders process within the same business day.\n\n\u003cp\u003e\u003cb\u003eDo I have to pay for return shipping?\u003c/b\u003e\n\u003cbr\u003e\u003ci\u003eUnder typical circumstances yes. If it is a manufacturing defect, you will be emailed a printable shipping label during the return process. To see additional details please review our return policy.\n\n\u003cp\u003e\u003cb\u003e When does the narwhal bacon?\u003c/b\u003e\n\u003cbr\u003e\u003ci\u003eOnly at midnight.",
          "type": "html",
          "usedByCurrentTheme": false
        },
        {
          "catalogGroupOid": 0,
          "catalogGroupAttributeOid": 0,
          "name": "subtitle",
          "value": "",
          "type": "string",
          "usedByCurrentTheme": false
        }
      ],
      "permissions": [],
      "selectors": [],
      "items": [],
      "hasSelectors": false,
      "matchAllSelectors": false,
      "noItemPages": false,
      "pageType": "S",
      "visible": true,
      "groupTemplateSupportsPagination": false,
      "supportsSubPages": true,
      "supportsItems": false,
      "supportsBlogPosts": false,
      "descriptionUsed": false,
      "blogPostSelectors": [],
      "blogPosts": [],
      "dirtyBlogPosts": false,
      "dirtyBlogPostSelectors": false,
      "matchAllBlogPostSelectors": false,
      "hasBlogPostSelectors": false
    },
    {
      "storeFrontOid": 0,
      "catalogGroupOid": 0,
      "merchantId": "",
      "code": "privacy-policy",
      "path": "/help/privacy-policy/",
      "title": "Privacy Policy",
      "description": "description",
      "root": false,
      "itemTemplate": "template_item.vm",
      "groupTemplate": "template_page.vm",
      "excludeFromSitemap": false,
      "dirtyItems": false,
      "dirtySelectors": false,
      "dirtyMultimedia": false,
      "multimedia": [],
      "attributes": [
        {
          "catalogGroupOid": 0,
          "catalogGroupAttributeOid": 0,
          "name": "content",
          "value": "\u003cp\u003eA privacy policy is your store’s legal statement about the submission of customers’ personal information, what is being done with that information, and any other statements  associated with the exchange of their private information. \n\n\u003cp\u003eThis page shows a copy of your privacy policy that customers must agree to during the checkout process. This additional page allows any customer to review your policy at any time, and is a helpful tool in case you update your policy.",
          "type": "html",
          "usedByCurrentTheme": false
        },
        {
          "catalogGroupOid": 0,
          "catalogGroupAttributeOid": 0,
          "name": "subtitle",
          "value": "",
          "type": "string",
          "usedByCurrentTheme": false
        }
      ],
      "permissions": [],
      "selectors": [],
      "items": [],
      "hasSelectors": false,
      "matchAllSelectors": false,
      "noItemPages": false,
      "pageType": "S",
      "visible": true,
      "groupTemplateSupportsPagination": false,
      "supportsSubPages": true,
      "supportsItems": false,
      "supportsBlogPosts": false,
      "descriptionUsed": false,
      "blogPostSelectors": [],
      "blogPosts": [],
      "dirtyBlogPosts": false,
      "dirtyBlogPostSelectors": false,
      "matchAllBlogPostSelectors": false,
      "hasBlogPostSelectors": false
    },
    {
      "storeFrontOid": 0,
      "catalogGroupOid": 0,
      "merchantId": "",
      "code": "support",
      "path": "/help/support/",
      "title": "Support",
      "description": "description",
      "root": false,
      "itemTemplate": "template_item.vm",
      "groupTemplate": "template_page.vm",
      "excludeFromSitemap": false,
      "dirtyItems": false,
      "dirtySelectors": false,
      "dirtyMultimedia": false,
      "multimedia": [],
      "attributes": [
        {
          "catalogGroupOid": 0,
          "catalogGroupAttributeOid": 0,
          "name": "content",
          "value": "\u003cp\u003eSeparate from the Contact page, the support page can list any contact information associated directly with customer support.",
          "type": "html",
          "usedByCurrentTheme": false
        },
        {
          "catalogGroupOid": 0,
          "catalogGroupAttributeOid": 0,
          "name": "subtitle",
          "value": "",
          "type": "string",
          "usedByCurrentTheme": false
        }
      ],
      "permissions": [],
      "selectors": [],
      "items": [],
      "hasSelectors": false,
      "matchAllSelectors": false,
      "noItemPages": false,
      "pageType": "S",
      "visible": true,
      "groupTemplateSupportsPagination": false,
      "supportsSubPages": true,
      "supportsItems": false,
      "supportsBlogPosts": false,
      "descriptionUsed": false,
      "blogPostSelectors": [],
      "blogPosts": [],
      "dirtyBlogPosts": false,
      "dirtyBlogPostSelectors": false,
      "matchAllBlogPostSelectors": false,
      "hasBlogPostSelectors": false
    },
    {
      "storeFrontOid": 0,
      "catalogGroupOid": 0,
      "merchantId": "",
      "code": "terms-and-conditions",
      "path": "/help/terms-and-conditions/",
      "title": "Terms and Conditions",
      "description": "description",
      "root": false,
      "itemTemplate": "template_item.vm",
      "groupTemplate": "template_page.vm",
      "excludeFromSitemap": false,
      "dirtyItems": false,
      "dirtySelectors": false,
      "dirtyMultimedia": false,
      "multimedia": [],
      "attributes": [
        {
          "catalogGroupOid": 0,
          "catalogGroupAttributeOid": 0,
          "name": "content",
          "value": "\u003cp\u003eThe Terms and Conditions are a required form that every customer must agree to during the checkout process. This form usually consists of things like your return policy, legal statements about sales and online sales, references to your privacy policy, etc. \n\n\u003cp\u003eSimilar to the Privacy Policy page, here your terms and conditions are repeated from the checkout area for easy customer access in case your terms have updated or the customer simply wants to review them.",
          "type": "html",
          "usedByCurrentTheme": false
        },
        {
          "catalogGroupOid": 0,
          "catalogGroupAttributeOid": 0,
          "name": "subtitle",
          "value": "",
          "type": "string",
          "usedByCurrentTheme": false
        }
      ],
      "permissions": [],
      "selectors": [],
      "items": [],
      "hasSelectors": false,
      "matchAllSelectors": false,
      "noItemPages": false,
      "pageType": "S",
      "visible": true,
      "groupTemplateSupportsPagination": false,
      "supportsSubPages": true,
      "supportsItems": false,
      "supportsBlogPosts": false,
      "descriptionUsed": false,
      "blogPostSelectors": [],
      "blogPosts": [],
      "dirtyBlogPosts": false,
      "dirtyBlogPostSelectors": false,
      "matchAllBlogPostSelectors": false,
      "hasBlogPostSelectors": false
    },
    {
      "storeFrontOid": 0,
      "catalogGroupOid": 0,
      "merchantId": "",
      "code": "locations",
      "path": "/locations/",
      "title": "Store Locator",
      "description": "",
      "root": false,
      "itemTemplate": "",
      "groupTemplate": "template_store_locator.vm",
      "excludeFromSitemap": false,
      "dirtyItems": false,
      "dirtySelectors": false,
      "dirtyMultimedia": false,
      "multimedia": [],
      "attributes": [
        {
          "catalogGroupOid": 0,
          "catalogGroupAttributeOid": 0,
          "name": "content",
          "value": "",
          "type": "html",
          "usedByCurrentTheme": false
        },
        {
          "catalogGroupOid": 0,
          "catalogGroupAttributeOid": 0,
          "name": "subtitle",
          "value": "",
          "type": "string",
          "usedByCurrentTheme": false
        }
      ],
      "permissions": [],
      "selectors": [],
      "items": [],
      "hasSelectors": false,
      "matchAllSelectors": false,
      "noItemPages": false,
      "pageType": "S",
      "sortOrderChildItems": "IA",
      "visible": true,
      "groupTemplateSupportsPagination": false,
      "supportsSubPages": true,
      "supportsItems": false,
      "supportsBlogPosts": false,
      "descriptionUsed": false,
      "blogPostSelectors": [],
      "blogPosts": [],
      "dirtyBlogPosts": false,
      "dirtyBlogPostSelectors": false,
      "matchAllBlogPostSelectors": false,
      "hasBlogPostSelectors": false
    },
    {
      "storeFrontOid": 0,
      "catalogGroupOid": 0,
      "merchantId": "",
      "code": "sale",
      "path": "/sale/",
      "title": "Sale",
      "description": "description",
      "root": false,
      "itemTemplate": "template_item.vm",
      "groupTemplate": "template_catalog_simple.vm",
      "excludeFromSitemap": false,
      "dirtyItems": false,
      "dirtySelectors": false,
      "dirtyMultimedia": false,
      "multimedia": [],
      "attributes": [
        {
          "catalogGroupOid": 0,
          "catalogGroupAttributeOid": 0,
          "name": "subtitle",
          "value": "Items on Sale",
          "type": "string",
          "usedByCurrentTheme": false
        }
      ],
      "permissions": [],
      "selectors": [
        {
          "selectorTypes": [
            "retail cost",
            "attribute",
            "variation",
            "not variation",
            "manufacturer name",
            "exploded diagram",
            "sale item",
            "item folder",
            "item folder tree",
            "top seller"
          ],
          "catalogGroupSelectorOid": 0,
          "catalogGroupOid": 0,
          "selectorType": "item folder",
          "saleItem": false,
          "merchantCategoryId": 149944
        },
        {
          "selectorTypes": [
            "retail cost",
            "attribute",
            "variation",
            "not variation",
            "manufacturer name",
            "exploded diagram",
            "sale item",
            "item folder",
            "item folder tree",
            "top seller"
          ],
          "catalogGroupSelectorOid": 0,
          "catalogGroupOid": 0,
          "selectorType": "sale item",
          "saleItem": false,
          "merchantCategoryId": 0
        }
      ],
      "items": [
        {
          "catalogGroupOid": 0,
          "merchantItemOid": 0,
          "itemId": "cupoftea",
          "description": "Black Tea",
          "manufacturerName": "",
          "cost": "13.99"
        },
        {
          "catalogGroupOid": 0,
          "merchantItemOid": 0,
          "itemId": "teaset",
          "description": "Herbal Tea",
          "manufacturerName": "",
          "cost": "15.99"
        }
      ],
      "hasSelectors": true,
      "matchAllSelectors": true,
      "noItemPages": false,
      "pageType": "D",
      "sortOrderChildGroups": "TA",
      "sortOrderChildItems": "IA",
      "visible": true,
      "groupTemplateSupportsPagination": false,
      "supportsSubPages": false,
      "supportsItems": false,
      "supportsBlogPosts": false,
      "descriptionUsed": false,
      "blogPostTemplate": "",
      "blogPostSelectors": [],
      "blogPosts": [],
      "dirtyBlogPosts": false,
      "dirtyBlogPostSelectors": false,
      "matchAllBlogPostSelectors": false,
      "hasBlogPostSelectors": false
    },
    {
      "storeFrontOid": 0,
      "catalogGroupOid": 0,
      "merchantId": "",
      "code": "shop",
      "path": "/shop/",
      "title": "Shop",
      "description": "description",
      "root": false,
      "itemTemplate": "template_item.vm",
      "groupTemplate": "template_catalog.vm",
      "excludeFromSitemap": false,
      "dirtyItems": false,
      "dirtySelectors": false,
      "dirtyMultimedia": false,
      "multimedia": [],
      "attributes": [
        {
          "catalogGroupOid": 0,
          "catalogGroupAttributeOid": 0,
          "name": "subtitle",
          "value": "",
          "type": "string",
          "usedByCurrentTheme": false
        }
      ],
      "permissions": [],
      "selectors": [],
      "items": [
        {
          "catalogGroupOid": 0,
          "merchantItemOid": 0,
          "itemId": "cupoftea",
          "description": "Black Tea",
          "manufacturerName": "",
          "cost": "13.99"
        },
        {
          "catalogGroupOid": 0,
          "merchantItemOid": 0,
          "itemId": "Earth_Tone_Teapot",
          "description": "Earth Tone Teapot",
          "manufacturerName": "",
          "cost": "19.99"
        },
        {
          "catalogGroupOid": 0,
          "merchantItemOid": 0,
          "itemId": "earthtone_mug",
          "description": "Earth Tone Mug",
          "manufacturerName": "",
          "cost": "9.99"
        },
        {
          "catalogGroupOid": 0,
          "merchantItemOid": 0,
          "itemId": "fancy_teacup",
          "description": "Fancy Teacup",
          "manufacturerName": "",
          "cost": "18.00"
        },
        {
          "catalogGroupOid": 0,
          "merchantItemOid": 0,
          "itemId": "graphic_mug1",
          "description": "Graphic Mug",
          "manufacturerName": "",
          "cost": "12.99"
        },
        {
          "catalogGroupOid": 0,
          "merchantItemOid": 0,
          "itemId": "mugtea_set",
          "description": "Mug and Tea Set",
          "manufacturerName": "",
          "cost": "17.99"
        },
        {
          "catalogGroupOid": 0,
          "merchantItemOid": 0,
          "itemId": "simple_teapot",
          "description": "Simple Teapot Set",
          "manufacturerName": "",
          "cost": "44.99"
        },
        {
          "catalogGroupOid": 0,
          "merchantItemOid": 0,
          "itemId": "simplemug",
          "description": "Simple Mug",
          "manufacturerName": "",
          "cost": "12.99"
        },
        {
          "catalogGroupOid": 0,
          "merchantItemOid": 0,
          "itemId": "teaset",
          "description": "Herbal Tea",
          "manufacturerName": "",
          "cost": "15.99"
        },
        {
          "catalogGroupOid": 0,
          "merchantItemOid": 0,
          "itemId": "Test2",
          "description": "Testing No Image",
          "manufacturerName": "",
          "cost": "0.00"
        }
      ],
      "hasSelectors": false,
      "matchAllSelectors": false,
      "noItemPages": false,
      "pageType": "D",
      "sortOrderChildGroups": "TA",
      "sortOrderChildItems": "IA",
      "visible": true,
      "itemsPerPage": 50,
      "groupTemplateSupportsPagination": false,
      "supportsSubPages": false,
      "supportsItems": false,
      "supportsBlogPosts": false,
      "descriptionUsed": false,
      "blogPostTemplate": "",
      "blogPostSelectors": [],
      "blogPosts": [],
      "dirtyBlogPosts": false,
      "dirtyBlogPostSelectors": false,
      "matchAllBlogPostSelectors": false,
      "hasBlogPostSelectors": false
    },
    {
      "storeFrontOid": 0,
      "catalogGroupOid": 0,
      "merchantId": "",
      "code": "mugs",
      "path": "/shop/mugs/",
      "title": "Mugs",
      "description": "description",
      "root": false,
      "itemTemplate": "template_item.vm",
      "groupTemplate": "template_catalog.vm",
      "excludeFromSitemap": false,
      "dirtyItems": false,
      "dirtySelectors": false,
      "dirtyMultimedia": false,
      "multimedia": [
        {
          "catalogGroupMultimediaOid": 0,
          "catalogGroupOid": 0,
          "imageType": "Image",
          "defaultMultimedia": true,
          "code": "",
          "filename": "Mug1_sq.jpg",
          "previewHtml": "\u003cimg src\u003d\"/thumbs/TJ20/0/3/80-80-034CECBA383435E51DB5C468B8B5E373.jpg\"/\u003e",
          "description": "",
          "size": "43.97 KB",
          "dimensions": "1024 x 1024",
          "lastModified": "08/25/2015",
          "orphan": false,
          "dirty": false,
          "currentTheme": false,
          "usedBy": ""
        }
      ],
      "attributes": [
        {
          "catalogGroupOid": 0,
          "catalogGroupAttributeOid": 0,
          "name": "subtitle",
          "value": "",
          "type": "string",
          "usedByCurrentTheme": false
        }
      ],
      "permissions": [],
      "selectors": [],
      "items": [
        {
          "catalogGroupOid": 0,
          "merchantItemOid": 0,
          "itemId": "earthtone_mug",
          "description": "Earth Tone Mug",
          "manufacturerName": "",
          "cost": "9.99"
        },
        {
          "catalogGroupOid": 0,
          "merchantItemOid": 0,
          "itemId": "fancy_teacup",
          "description": "Fancy Teacup",
          "manufacturerName": "",
          "cost": "18.00"
        },
        {
          "catalogGroupOid": 0,
          "merchantItemOid": 0,
          "itemId": "graphic_mug1",
          "description": "Graphic Mug",
          "manufacturerName": "",
          "cost": "12.99"
        },
        {
          "catalogGroupOid": 0,
          "merchantItemOid": 0,
          "itemId": "mugtea_set",
          "description": "Mug and Tea Set",
          "manufacturerName": "",
          "cost": "17.99"
        },
        {
          "catalogGroupOid": 0,
          "merchantItemOid": 0,
          "itemId": "simplemug",
          "description": "Simple Mug",
          "manufacturerName": "",
          "cost": "12.99"
        },
        {
          "catalogGroupOid": 0,
          "merchantItemOid": 0,
          "itemId": "Test2",
          "description": "Testing No Image",
          "manufacturerName": "",
          "cost": "0.00"
        }
      ],
      "hasSelectors": false,
      "matchAllSelectors": false,
      "noItemPages": false,
      "pageType": "D",
      "sortOrderChildGroups": "TA",
      "sortOrderChildItems": "IA",
      "visible": true,
      "itemsPerPage": 50,
      "groupTemplateSupportsPagination": false,
      "supportsSubPages": false,
      "supportsItems": false,
      "supportsBlogPosts": false,
      "descriptionUsed": false,
      "blogPostTemplate": "",
      "blogPostSelectors": [],
      "blogPosts": [],
      "dirtyBlogPosts": false,
      "dirtyBlogPostSelectors": false,
      "matchAllBlogPostSelectors": false,
      "hasBlogPostSelectors": false
    },
    {
      "storeFrontOid": 0,
      "catalogGroupOid": 0,
      "merchantId": "",
      "code": "teapots",
      "path": "/shop/teapots/",
      "title": "Teapots",
      "description": "description",
      "root": false,
      "itemTemplate": "template_item.vm",
      "groupTemplate": "template_catalog.vm",
      "excludeFromSitemap": false,
      "dirtyItems": false,
      "dirtySelectors": false,
      "dirtyMultimedia": false,
      "multimedia": [
        {
          "catalogGroupMultimediaOid": 0,
          "catalogGroupOid": 0,
          "imageType": "Image",
          "defaultMultimedia": true,
          "code": "",
          "filename": "YellowTeapot_sq.jpg",
          "previewHtml": "",
          "description": "",
          "size": "54.69 KB",
          "dimensions": "1024 x 1024",
          "lastModified": "08/25/2015",
          "orphan": false,
          "dirty": false,
          "currentTheme": false,
          "usedBy": ""
        }
      ],
      "attributes": [
        {
          "catalogGroupOid": 0,
          "catalogGroupAttributeOid": 0,
          "name": "subtitle",
          "value": "",
          "type": "string",
          "usedByCurrentTheme": false
        }
      ],
      "permissions": [],
      "selectors": [],
      "items": [
        {
          "catalogGroupOid": 0,
          "merchantItemOid": 0,
          "itemId": "Earth_Tone_Teapot",
          "description": "Earth Tone Teapot",
          "manufacturerName": "",
          "cost": "19.99",
          "sortOrder": 0
        },
        {
          "catalogGroupOid": 0,
          "merchantItemOid": 0,
          "itemId": "simple_teapot",
          "description": "Simple Teapot Set",
          "manufacturerName": "",
          "cost": "44.99",
          "sortOrder": 0
        }
      ],
      "hasSelectors": false,
      "matchAllSelectors": false,
      "noItemPages": false,
      "pageType": "D",
      "visible": true,
      "groupTemplateSupportsPagination": false,
      "supportsSubPages": false,
      "supportsItems": false,
      "supportsBlogPosts": false,
      "descriptionUsed": false,
      "blogPostSelectors": [],
      "blogPosts": [],
      "dirtyBlogPosts": false,
      "dirtyBlogPostSelectors": false,
      "matchAllBlogPostSelectors": false,
      "hasBlogPostSelectors": false
    },
    {
      "storeFrontOid": 0,
      "catalogGroupOid": 0,
      "merchantId": "",
      "code": "teas",
      "path": "/shop/teas/",
      "title": "Teas",
      "description": "description",
      "root": false,
      "itemTemplate": "template_item.vm",
      "groupTemplate": "template_catalog_simple.vm",
      "excludeFromSitemap": false,
      "dirtyItems": false,
      "dirtySelectors": false,
      "dirtyMultimedia": false,
      "multimedia": [
        {
          "catalogGroupMultimediaOid": 0,
          "catalogGroupOid": 0,
          "imageType": "Image",
          "defaultMultimedia": true,
          "code": "",
          "filename": "Tea_bowl2_sq.jpg",
          "previewHtml": "",
          "description": "",
          "size": "98.06 KB",
          "dimensions": "1024 x 1024",
          "lastModified": "08/25/2015",
          "orphan": false,
          "dirty": false,
          "currentTheme": false,
          "usedBy": ""
        }
      ],
      "attributes": [
        {
          "catalogGroupOid": 0,
          "catalogGroupAttributeOid": 0,
          "name": "subtitle",
          "value": "Teas",
          "type": "string",
          "usedByCurrentTheme": false
        }
      ],
      "permissions": [],
      "selectors": [],
      "items": [
        {
          "catalogGroupOid": 0,
          "merchantItemOid": 0,
          "itemId": "cupoftea",
          "description": "Black Tea",
          "manufacturerName": "",
          "cost": "13.99",
          "sortOrder": 0
        },
        {
          "catalogGroupOid": 0,
          "merchantItemOid": 0,
          "itemId": "teaset",
          "description": "Herbal Tea",
          "manufacturerName": "",
          "cost": "15.99",
          "sortOrder": 0
        }
      ],
      "hasSelectors": false,
      "matchAllSelectors": false,
      "noItemPages": false,
      "pageType": "D",
      "visible": true,
      "groupTemplateSupportsPagination": false,
      "supportsSubPages": false,
      "supportsItems": false,
      "supportsBlogPosts": false,
      "descriptionUsed": false,
      "blogPostSelectors": [],
      "blogPosts": [],
      "dirtyBlogPosts": false,
      "dirtyBlogPostSelectors": false,
      "matchAllBlogPostSelectors": false,
      "hasBlogPostSelectors": false
    }
  ],
  "menus": [
    {
      "storeFrontMenuOid": 0,
      "storeFrontOid": 0,
      "code": "account",
      "orphan": false,
      "items": [
        {
          "storeFrontMenuItemOid": 39763,
          "storeFrontMenuOid": 0,
          "parentStoreFrontMenuItemOid": 0,
          "type": "system page",
          "systemPageType": "My Account Main Page",
          "description": "Account Login",
          "menuOrder": 0,
          "items": []
        },
        {
          "storeFrontMenuItemOid": 39764,
          "storeFrontMenuOid": 0,
          "parentStoreFrontMenuItemOid": 0,
          "type": "system page",
          "systemPageType": "My Account Orders",
          "description": "My Orders",
          "menuOrder": 1,
          "items": []
        },
        {
          "storeFrontMenuItemOid": 39765,
          "storeFrontMenuOid": 0,
          "parentStoreFrontMenuItemOid": 0,
          "type": "system page",
          "systemPageType": "My Account Reviews",
          "description": "My Reviews",
          "menuOrder": 2,
          "items": []
        },
        {
          "storeFrontMenuItemOid": 39766,
          "storeFrontMenuOid": 0,
          "parentStoreFrontMenuItemOid": 0,
          "type": "system page",
          "systemPageType": "Wholesale Signup",
          "description": "Wholesale Signup",
          "menuOrder": 3,
          "items": []
        }
      ]
    },
    {
      "storeFrontMenuOid": 0,
      "storeFrontOid": 0,
      "code": "footer",
      "orphan": false,
      "items": [
        {
          "storeFrontMenuItemOid": 39767,
          "storeFrontMenuOid": 0,
          "parentStoreFrontMenuItemOid": 0,
          "type": "page",
          "description": "Home",
          "catalogPath": "/",
          "menuOrder": 0,
          "items": []
        },
        {
          "storeFrontMenuItemOid": 39768,
          "storeFrontMenuOid": 0,
          "parentStoreFrontMenuItemOid": 0,
          "type": "page",
          "description": "Shop",
          "catalogPath": "/shop/",
          "menuOrder": 1,
          "items": []
        },
        {
          "storeFrontMenuItemOid": 39769,
          "storeFrontMenuOid": 0,
          "parentStoreFrontMenuItemOid": 0,
          "type": "page",
          "description": "Sale",
          "catalogPath": "/sale/",
          "menuOrder": 2,
          "items": []
        },
        {
          "storeFrontMenuItemOid": 39770,
          "storeFrontMenuOid": 0,
          "parentStoreFrontMenuItemOid": 0,
          "type": "page",
          "description": "About",
          "catalogPath": "/about/",
          "menuOrder": 3,
          "items": []
        },
        {
          "storeFrontMenuItemOid": 39791,
          "storeFrontMenuOid": 0,
          "parentStoreFrontMenuItemOid": 0,
          "type": "page",
          "description": "Contact",
          "catalogPath": "/contact/",
          "menuOrder": 4,
          "items": []
        }
      ]
    },
    {
      "storeFrontMenuOid": 0,
      "storeFrontOid": 0,
      "code": "header",
      "orphan": false,
      "items": [
        {
          "storeFrontMenuItemOid": 39792,
          "storeFrontMenuOid": 0,
          "parentStoreFrontMenuItemOid": 0,
          "type": "page",
          "description": "Home",
          "catalogPath": "/",
          "menuOrder": 0,
          "items": []
        },
        {
          "storeFrontMenuItemOid": 39793,
          "storeFrontMenuOid": 0,
          "parentStoreFrontMenuItemOid": 0,
          "type": "page",
          "description": "Shop",
          "catalogPath": "/shop/",
          "menuOrder": 1,
          "items": [
            {
              "storeFrontMenuItemOid": 39794,
              "storeFrontMenuOid": 0,
              "parentStoreFrontMenuItemOid": 0,
              "type": "page",
              "description": "Mugs",
              "catalogPath": "/shop/mugs/",
              "menuOrder": 0,
              "items": []
            },
            {
              "storeFrontMenuItemOid": 39795,
              "storeFrontMenuOid": 0,
              "parentStoreFrontMenuItemOid": 0,
              "type": "page",
              "description": "Teas",
              "catalogPath": "/shop/teas/",
              "menuOrder": 1,
              "items": []
            },
            {
              "storeFrontMenuItemOid": 39796,
              "storeFrontMenuOid": 0,
              "parentStoreFrontMenuItemOid": 0,
              "type": "page",
              "description": "Teapots",
              "catalogPath": "/shop/teapots/",
              "menuOrder": 2,
              "items": []
            }
          ]
        },
        {
          "storeFrontMenuItemOid": 39797,
          "storeFrontMenuOid": 0,
          "parentStoreFrontMenuItemOid": 0,
          "type": "page",
          "description": "Sale",
          "catalogPath": "/sale/",
          "menuOrder": 2,
          "items": []
        },
        {
          "storeFrontMenuItemOid": 45601,
          "storeFrontMenuOid": 0,
          "parentStoreFrontMenuItemOid": 0,
          "type": "page",
          "description": "Blog",
          "catalogPath": "/blog/",
          "menuOrder": 3,
          "items": []
        },
        {
          "storeFrontMenuItemOid": 39798,
          "storeFrontMenuOid": 0,
          "parentStoreFrontMenuItemOid": 0,
          "type": "page",
          "description": "About",
          "catalogPath": "/about/",
          "menuOrder": 4,
          "items": []
        },
        {
          "storeFrontMenuItemOid": 39799,
          "storeFrontMenuOid": 0,
          "parentStoreFrontMenuItemOid": 0,
          "type": "page",
          "description": "Contact",
          "catalogPath": "/contact/",
          "menuOrder": 5,
          "items": []
        }
      ]
    },
    {
      "storeFrontMenuOid": 0,
      "storeFrontOid": 0,
      "code": "help",
      "orphan": false,
      "items": [
        {
          "storeFrontMenuItemOid": 39800,
          "storeFrontMenuOid": 0,
          "parentStoreFrontMenuItemOid": 0,
          "type": "page",
          "description": "Accessibility",
          "catalogPath": "/help/accessibility/",
          "menuOrder": 0,
          "items": []
        },
        {
          "storeFrontMenuItemOid": 39801,
          "storeFrontMenuOid": 0,
          "parentStoreFrontMenuItemOid": 0,
          "type": "page",
          "description": "FAQs",
          "catalogPath": "/help/faqs/",
          "menuOrder": 1,
          "items": []
        },
        {
          "storeFrontMenuItemOid": 44554,
          "storeFrontMenuOid": 0,
          "parentStoreFrontMenuItemOid": 0,
          "type": "page",
          "description": "Find a Store",
          "catalogPath": "/locations/",
          "menuOrder": 2,
          "items": []
        },
        {
          "storeFrontMenuItemOid": 39802,
          "storeFrontMenuOid": 0,
          "parentStoreFrontMenuItemOid": 0,
          "type": "page",
          "description": "Privacy Policy",
          "catalogPath": "/help/privacy-policy/",
          "menuOrder": 3,
          "items": []
        },
        {
          "storeFrontMenuItemOid": 39803,
          "storeFrontMenuOid": 0,
          "parentStoreFrontMenuItemOid": 0,
          "type": "page",
          "description": "Support",
          "catalogPath": "/help/support/",
          "menuOrder": 4,
          "items": []
        },
        {
          "storeFrontMenuItemOid": 39804,
          "storeFrontMenuOid": 0,
          "parentStoreFrontMenuItemOid": 0,
          "type": "page",
          "description": "Terms and Conditions",
          "catalogPath": "/help/terms-and-conditions/",
          "menuOrder": 5,
          "items": []
        }
      ]
    }
  ],
  "attributes": [
    {
      "storeFrontOid": 0,
      "storeFrontAttributeOid": 0,
      "usedByCurrentTheme": false,
      "name": "street-address",
      "value": "12345 Main St",
      "type": "string"
    },
    {
      "storeFrontOid": 0,
      "storeFrontAttributeOid": 0,
      "usedByCurrentTheme": false,
      "name": "city",
      "value": "Atlanta",
      "type": "string"
    },
    {
      "storeFrontOid": 0,
      "storeFrontAttributeOid": 0,
      "usedByCurrentTheme": false,
      "name": "state",
      "value": "GA",
      "type": "string"
    },
    {
      "storeFrontOid": 0,
      "storeFrontAttributeOid": 0,
      "usedByCurrentTheme": false,
      "name": "zip",
      "value": "30303",
      "type": "string"
    },
    {
      "storeFrontOid": 0,
      "storeFrontAttributeOid": 0,
      "usedByCurrentTheme": false,
      "name": "phone",
      "value": "404.555.1212",
      "type": "string"
    },
    {
      "storeFrontOid": 0,
      "storeFrontAttributeOid": 0,
      "usedByCurrentTheme": false,
      "name": "fax",
      "value": "404.555.1213",
      "type": "string"
    },
    {
      "storeFrontOid": 0,
      "storeFrontAttributeOid": 0,
      "usedByCurrentTheme": false,
      "name": "contact-email",
      "value": "contact@mrteas.com",
      "type": "string"
    },
    {
      "storeFrontOid": 0,
      "storeFrontAttributeOid": 0,
      "usedByCurrentTheme": false,
      "name": "title",
      "value": "Mr. Teas",
      "type": "reserved"
    },
    {
      "storeFrontOid": 0,
      "storeFrontAttributeOid": 0,
      "usedByCurrentTheme": false,
      "name": "logo",
      "value": "logo.png",
      "type": "reserved"
    },
    {
      "storeFrontOid": 0,
      "storeFrontAttributeOid": 0,
      "usedByCurrentTheme": false,
      "name": "storefrontSEOKeywords",
      "value": "Ultracart,Demo,Meta,Keywords",
      "type": "reserved"
    },
    {
      "storeFrontOid": 0,
      "storeFrontAttributeOid": 0,
      "usedByCurrentTheme": false,
      "name": "storefrontSEODescription",
      "value": "Ultracart Demo Meta Description",
      "type": "reserved"
    },
    {
      "storeFrontOid": 0,
      "storeFrontAttributeOid": 0,
      "usedByCurrentTheme": false,
      "name": "storefrontSEOPreventIndexing",
      "value": "true",
      "type": "reserved"
    },
    {
      "storeFrontOid": 0,
      "storeFrontAttributeOid": 0,
      "usedByCurrentTheme": false,
      "name": "storefrontSEOSchemaOrg",
      "value": "true",
      "type": "reserved"
    },
    {
      "storeFrontOid": 0,
      "storeFrontAttributeOid": 0,
      "usedByCurrentTheme": false,
      "name": "instagramAccount",
      "value": "",
      "type": "reserved"
    },
    {
      "storeFrontOid": 0,
      "storeFrontAttributeOid": 0,
      "usedByCurrentTheme": false,
      "name": "pinterestAccount",
      "value": "",
      "type": "reserved"
    },
    {
      "storeFrontOid": 0,
      "storeFrontAttributeOid": 0,
      "usedByCurrentTheme": false,
      "name": "sharePinterest",
      "value": "",
      "type": "reserved"
    },
    {
      "storeFrontOid": 0,
      "storeFrontAttributeOid": 0,
      "usedByCurrentTheme": false,
      "name": "facebookAccount",
      "value": "http://facebook.com/level2d",
      "type": "reserved"
    },
    {
      "storeFrontOid": 0,
      "storeFrontAttributeOid": 0,
      "usedByCurrentTheme": false,
      "name": "shareFacebook",
      "value": "true",
      "type": "reserved"
    },
    {
      "storeFrontOid": 0,
      "storeFrontAttributeOid": 0,
      "usedByCurrentTheme": false,
      "name": "shareTwitter",
      "value": "true",
      "type": "reserved"
    },
    {
      "storeFrontOid": 0,
      "storeFrontAttributeOid": 0,
      "usedByCurrentTheme": false,
      "name": "storefrontSEOCanonical",
      "value": "",
      "type": "reserved"
    },
    {
      "storeFrontOid": 0,
      "storeFrontAttributeOid": 0,
      "usedByCurrentTheme": false,
      "name": "twitterAccount",
      "value": "level2d",
      "type": "reserved"
    }
  ],
  "advanced": {
    "screenBrandingThemeOid": 0,
    "googleAnalyticsTrackingType": "New GA Style",
    "orderHashSecretKey": "",
    "conversionHtmlOnSuccessfulPaymentOnly": false,
    "showSuppressBuysafe": false,
    "suppressBuysafe": false,
    "cjLineItemDetail": false,
    "cjExcludeUpsells": false,
    "customThankyouUrlOmitOrderData": false,
    "themeCode": "SF3688",
    "showDisplayComodoTrustLogo": false,
    "displayComodoTrustLogo": false,
    "showDisplayComodoSiteSeal": false,
    "affiliateNetworkPixels": []
  },
  "urlMaps": [],
  "sampleItems": [
    {
      "merchantItemId": "cupoftea",
      "cost": 13.99,
      "description": "Black Tea",
      "extendedDescription": "\u003cp\u003eThis area describes the product in a brief paragraph. Acting as the main description, the paragraph can list what is included with the product, specifications, and any other promotional text. A successful description also includes the craftsmanship, materials used, and any artistic inspiration for the product if applicable. \n\u003cp\u003eThe extended description area can be used if additional content is needed for the featured product. In this layout, have the main content you want a customer to see first within the first few sentences, with the extended description further down in order to have a strong first impression.\n\n\u003c/code\u003e\u003c/pre\u003e",
      "weight": 1.00000,
      "weightUom": "LB",
      "length": 0.00000,
      "width": 0.00000,
      "height": 0.00000,
      "distanceUom": "IN",
      "manufacturerName": "",
      "manufacturerSku": "",
      "accountingCode": "",
      "folder": "/ MrTeas / ",
      "attributes": [
        {
          "name": "featured-title",
          "value": "Featured Item Title",
          "position": 0
        },
        {
          "name": "featured-subtitle",
          "value": "Featured Item Subtitle",
          "position": 0
        }
      ],
      "multimedia": [
        {
          "type": "Image",
          "filename": "Tea_bowl_sq.jpg",
          "description": "",
          "defaultMultimedia": true
        },
        {
          "type": "Image",
          "filename": "banner-new-1.jpg",
          "description": "",
          "defaultMultimedia": false,
          "code": "featured"
        },
        {
          "type": "Image",
          "filename": "Teabag_bowl_orange_sq.jpg",
          "description": "",
          "defaultMultimedia": false
        }
      ],
      "saleCost": 8.9900,
      "saleStart": "11/18/2014",
      "saleEnd": "11/03/2021",
      "reviewable": true
    },
    {
      "merchantItemId": "earthtone_mug",
      "cost": 9.99,
      "description": "Earth Tone Mug",
      "extendedDescription": "\u003cp\u003e This area describes the product in a brief paragraph. Acting as the main description, the paragraph can list what is included with the product, specifications, and any other promotional text. A successful description also includes the craftsmanship, materials used, and any artistic inspiration for the product if applicable. \n\u003cp\u003eThe extended description area can be used if additional content is needed for the featured product. In this layout, have the main content you want a customer to see first within the first few sentences, with the extended description further down in order to have a strong first impression.",
      "weight": 1.00000,
      "weightUom": "LB",
      "length": 0.00000,
      "width": 0.00000,
      "height": 0.00000,
      "distanceUom": "IN",
      "manufacturerName": "",
      "manufacturerSku": "",
      "accountingCode": "",
      "folder": "/ MrTeas / ",
      "attributes": [
        {
          "name": "featured-title",
          "value": "New Earth Tone Mug",
          "position": 0
        }
      ],
      "multimedia": [
        {
          "type": "Image",
          "filename": "Mug2_2_sq.jpg",
          "description": "",
          "defaultMultimedia": true
        },
        {
          "type": "Image",
          "filename": "banner-new-3.jpg",
          "description": "Earth Tone Mug Banner",
          "defaultMultimedia": false,
          "code": "featured"
        },
        {
          "type": "Image",
          "filename": "Mug_andTeaBowl_sq.jpg",
          "description": "",
          "defaultMultimedia": false
        },
        {
          "type": "Image",
          "filename": "Mug2_sq.jpg",
          "description": "",
          "defaultMultimedia": false
        }
      ],
      "reviewable": false
    },
    {
      "merchantItemId": "Earth_Tone_Teapot",
      "cost": 19.99,
      "description": "Earth Tone Teapot",
      "extendedDescription": "\u003cp\u003eThis area describes the product in a brief paragraph. Acting as the main description, the paragraph can list what is included with the product, specifications, and any other promotional text. A successful description also includes the craftsmanship, materials used, and any artistic inspiration for the product if applicable. \n\u003cp\u003eThe extended description area can be used if additional content is needed for the featured product. In this layout, have the main content you want a customer to see first within the first few sentences, with the extended description further down in order to have a strong first impression.",
      "weight": 1.00000,
      "weightUom": "LB",
      "length": 0.00000,
      "width": 0.00000,
      "height": 0.00000,
      "distanceUom": "IN",
      "manufacturerName": "",
      "manufacturerSku": "",
      "accountingCode": "",
      "folder": "/ MrTeas / ",
      "attributes": [
        {
          "name": "featured-title",
          "value": "Earth Tone Tea Pot",
          "position": 0
        },
        {
          "name": "featured-subtitle",
          "value": "Now Only 19.99!",
          "position": 0
        }
      ],
      "multimedia": [
        {
          "type": "Image",
          "filename": "banner-new-2.jpg",
          "description": "",
          "defaultMultimedia": false,
          "code": "featured"
        },
        {
          "type": "Image",
          "filename": "BrownTeapot_sq.jpg",
          "description": "",
          "defaultMultimedia": false
        },
        {
          "type": "Image",
          "filename": "Teapot_andTea_sq.jpg",
          "description": "",
          "defaultMultimedia": true
        }
      ],
      "reviewable": true
    },
    {
      "merchantItemId": "fancy_teacup",
      "cost": 18.00,
      "description": "Fancy Teacup",
      "extendedDescription": "\u003cp\u003e This area describes the product in a brief paragraph. Acting as the main description, the paragraph can list what is included with the product, specifications, and any other promotional text. A successful description also includes the craftsmanship, materials used, and any artistic inspiration for the product if applicable. \n\u003cp\u003eThe extended description area can be used if additional content is needed for the featured product. In this layout, have the main content you want a customer to see first within the first few sentences, with the extended description further down in order to have a strong first impression.",
      "weight": 4.00000,
      "weightUom": "LB",
      "length": 0.00000,
      "width": 0.00000,
      "height": 0.00000,
      "distanceUom": "IN",
      "manufacturerName": "",
      "manufacturerSku": "",
      "accountingCode": "",
      "folder": "/ MrTeas / ",
      "attributes": [],
      "multimedia": [
        {
          "type": "Image",
          "filename": "TeaCup_sq.jpg",
          "description": "",
          "defaultMultimedia": true
        }
      ],
      "reviewable": false
    },
    {
      "merchantItemId": "graphic_mug1",
      "cost": 12.99,
      "description": "Graphic Mug",
      "extendedDescription": "\u003cp\u003e This area describes the product in a brief paragraph. Acting as the main description, the paragraph can list what is included with the product, specifications, and any other promotional text. A successful description also includes the craftsmanship, materials used, and any artistic inspiration for the product if applicable. \n\u003cp\u003eThe extended description area can be used if additional content is needed for the featured product. In this layout, have the main content you want a customer to see first within the first few sentences, with the extended description further down in order to have a strong first impression.",
      "weight": 1.00000,
      "weightUom": "LB",
      "length": 0.00000,
      "width": 0.00000,
      "height": 0.00000,
      "distanceUom": "IN",
      "manufacturerName": "",
      "manufacturerSku": "",
      "accountingCode": "",
      "folder": "/ MrTeas / ",
      "attributes": [],
      "multimedia": [
        {
          "type": "Image",
          "filename": "Snowman_mug_sq.jpg",
          "description": "",
          "defaultMultimedia": true
        },
        {
          "type": "Image",
          "filename": "Mug3_sq.jpg",
          "description": "",
          "defaultMultimedia": false
        }
      ],
      "reviewable": false
    },
    {
      "merchantItemId": "teaset",
      "cost": 15.99,
      "description": "Herbal Tea",
      "extendedDescription": "\u003cp\u003e This area describes the product in a brief paragraph. Acting as the main description, the paragraph can list what is included with the product, specifications, and any other promotional text. A successful description also includes the craftsmanship, materials used, and any artistic inspiration for the product if applicable. \n\u003cp\u003eThe extended description area can be used if additional content is needed for the featured product. In this layout, have the main content you want a customer to see first within the first few sentences, with the extended description further down in order to have a strong first impression.",
      "weight": 1.00000,
      "weightUom": "LB",
      "length": 0.00000,
      "width": 0.00000,
      "height": 0.00000,
      "distanceUom": "IN",
      "manufacturerName": "",
      "manufacturerSku": "",
      "accountingCode": "",
      "folder": "/ MrTeas / ",
      "attributes": [],
      "multimedia": [
        {
          "type": "Image",
          "filename": "Tea_bowl2_sq.jpg",
          "description": "",
          "defaultMultimedia": true
        },
        {
          "type": "Image",
          "filename": "Teabag_bowl_blue_sq.jpg",
          "description": "",
          "defaultMultimedia": false
        }
      ],
      "saleCost": 9.9900,
      "saleStart": "11/17/2014",
      "saleEnd": "11/08/2017",
      "reviewable": false
    },
    {
      "merchantItemId": "mugtea_set",
      "cost": 17.99,
      "description": "Mug and Tea Set",
      "extendedDescription": "\u003cp\u003e This area describes the product in a brief paragraph. Acting as the main description, the paragraph can list what is included with the product, specifications, and any other promotional text. A successful description also includes the craftsmanship, materials used, and any artistic inspiration for the product if applicable. \n\u003cp\u003eThe extended description area can be used if additional content is needed for the featured product. In this layout, have the main content you want a customer to see first within the first few sentences, with the extended description further down in order to have a strong first impression.",
      "weight": 1.00000,
      "weightUom": "LB",
      "length": 0.00000,
      "width": 0.00000,
      "height": 0.00000,
      "distanceUom": "IN",
      "manufacturerName": "",
      "manufacturerSku": "",
      "accountingCode": "",
      "folder": "/ MrTeas / ",
      "attributes": [],
      "multimedia": [
        {
          "type": "Image",
          "filename": "mug_andTea_sq.jpg",
          "description": "",
          "defaultMultimedia": true
        },
        {
          "type": "Image",
          "filename": "Teabag_bowl_green_sq.jpg",
          "description": "",
          "defaultMultimedia": false
        },
        {
          "type": "Image",
          "filename": "TwoMugs_sq.jpg",
          "description": "",
          "defaultMultimedia": false
        }
      ],
      "reviewable": false
    },
    {
      "merchantItemId": "simplemug",
      "cost": 12.99,
      "description": "Simple Mug",
      "extendedDescription": "\u003cp\u003e This area describes the product in a brief paragraph. Acting as the main description, the paragraph can list what is included with the product, specifications, and any other promotional text. A successful description also includes the craftsmanship, materials used, and any artistic inspiration for the product if applicable. \n\u003cp\u003eThe extended description area can be used if additional content is needed for the featured product. In this layout, have the main content you want a customer to see first within the first few sentences, with the extended description further down in order to have a strong first impression.",
      "weight": 1.75000,
      "weightUom": "LB",
      "length": 0.00000,
      "width": 0.00000,
      "height": 0.00000,
      "distanceUom": "IN",
      "manufacturerName": "",
      "manufacturerSku": "",
      "accountingCode": "",
      "folder": "/ MrTeas / ",
      "attributes": [
        {
          "name": "featured-title",
          "value": "Featured Title",
          "position": 0
        }
      ],
      "multimedia": [
        {
          "type": "Image",
          "filename": "Mug1_sq.jpg",
          "description": "",
          "defaultMultimedia": true
        },
        {
          "type": "Image",
          "filename": "feature-slide-1.jpg",
          "description": "Featured Slide",
          "defaultMultimedia": false,
          "code": "featured"
        },
        {
          "type": "Image",
          "filename": "Mug1_blue_sq.jpg",
          "description": "",
          "defaultMultimedia": false
        }
      ],
      "saleCost": 7.9900,
      "saleStart": "02/01/2015",
      "saleEnd": "03/31/2015",
      "reviewable": false
    },
    {
      "merchantItemId": "simple_teapot",
      "cost": 44.99,
      "description": "Simple Teapot Set",
      "extendedDescription": "\u003cp\u003e This area describes the product in a brief paragraph. Acting as the main description, the paragraph can list what is included with the product, specifications, and any other promotional text. A successful description also includes the craftsmanship, materials used, and any artistic inspiration for the product if applicable. \n\u003cp\u003eThe extended description area can be used if additional content is needed for the featured product. In this layout, have the main content you want a customer to see first within the first few sentences, with the extended description further down in order to have a strong first impression.",
      "weight": 5.00000,
      "weightUom": "LB",
      "length": 0.00000,
      "width": 0.00000,
      "height": 0.00000,
      "distanceUom": "IN",
      "manufacturerName": "",
      "manufacturerSku": "",
      "accountingCode": "",
      "folder": "/ MrTeas / ",
      "attributes": [],
      "multimedia": [
        {
          "type": "Image",
          "filename": "YellowTeapot_sq.jpg",
          "description": "",
          "defaultMultimedia": true
        },
        {
          "type": "Image",
          "filename": "RedTeapot_sq.jpg",
          "description": "",
          "defaultMultimedia": false
        },
        {
          "type": "Image",
          "filename": "YellowTeapot2_sq.jpg",
          "description": "",
          "defaultMultimedia": false
        }
      ],
      "saleCost": 29.9900,
      "saleStart": "02/01/2015",
      "saleEnd": "03/31/2015",
      "reviewable": false
    },
    {
      "merchantItemId": "Test2",
      "cost": 0.00,
      "description": "Testing No Image",
      "extendedDescription": "Turducken ribeye cow venison beef capicola leberkas. Shoulder ball tip kevin tenderloin capicola chuck. Shank salami flank frankfurter jerky chuck short ribs kevin landjaeger bacon prosciutto ham hock boudin beef ribs jowl. Prosciutto beef ribs shankle ham tongue andouille sirloin spare ribs swine.",
      "weight": 0.00000,
      "weightUom": "LB",
      "length": 0.00000,
      "width": 0.00000,
      "height": 0.00000,
      "distanceUom": "IN",
      "manufacturerName": "",
      "manufacturerSku": "",
      "accountingCode": "",
      "folder": "/ MrTeas / ",
      "attributes": [],
      "multimedia": [],
      "reviewable": false
    }
  ],
  "blogPosts": [
    {
      "storeFrontBlogPostOid": 0,
      "exportOid": 81,
      "storeFrontOid": 0,
      "title": "Blog Post Sample 1",
      "body": "\u003cp\u003eIntroduction:\u003c/p\u003e\u003cp\u003eHere is a sample blog post to get you started on your blog. Just edit or delete this post to get started. The current blog template will loop through all of your blog posts. To change the blog posts that are being displayed edit the blog page win the pages tab within your UltraCart Account.\u003c/p\u003e\u003cp\u003eHave a list? Here is a sample list:\u003c/p\u003e\u003cul\u003e\u003cli\u003eSample List Item 1\u003c/li\u003e\u003cli\u003eSample List Item Number 2\u003c/li\u003e\u003cli\u003eLast List Item\u003c/li\u003e\u003c/ul\u003e\u003cp\u003eYour blog posts can be anything. You can use the blog to display news, testimonials, item information, or really any type of content.\u003c/p\u003e\u003cp\u003eSome common blog posts include:\u003c/p\u003e\u003ch2\u003eNews\u003c/h2\u003e\u003ch2\u003eEvents\u003c/h2\u003e\u003ch2\u003eProduct Detail\u003c/h2\u003e\u003ch2\u003eTestimonials\u003c/h2\u003e\u003ch2\u003ePress\u003c/h2\u003e\u003cp\u003e\u003cem\u003eYou can use bulleted lists, numbered list, or multiple headings. Include as many steps, numbers, or bullets that will allow you to discuss your topic thoroughly.\u003c/em\u003e\u003c/p\u003e\u003cp\u003e\u003cbr\u003eHere is a quick list of some good practices for your blog:\u003cbr\u003e\u003c/p\u003e\u003cul\u003e\u003cli\u003eInclude images and videos\u003c/li\u003e\u003cli\u003eInclude short detailed headers\u003c/li\u003e\u003cli\u003eInclude a conclusion at the end of your post\u003c/li\u003e\u003cli\u003eDrive readers to your products\u003c/li\u003e\u003c/ul\u003e",
      "excerpt": "\u003cp\u003eIntroduction:\u003c/p\u003e\u003cp\u003eHere is a sample blog post to get you started on your blog. Just edit or delete this post to get started. The current blog template will loop through all of your blog posts. To change the blog posts that are being displayed edit the blog page win the pages tab within your UltraCart Account.\u003c/p\u003e\u003cp\u003eUse the excerpt to entice the user to read more.\u003c/p\u003e\u003cp\u003eHave a list? Here is a sample list:\u003c/p\u003e\u003cul\u003e\u003cli\u003eSample List Item 1\u003c/li\u003e\u003cli\u003eSample List Item Number 2\u003c/li\u003e\u003cli\u003eLast List ITem\u003c/li\u003e\u003c/ul\u003e",
      "author": "Josh",
      "urlPart": "Blog-Post-Sample-1",
      "visibility": "P",
      "allowComments": true,
      "creationDtsShort": "09/29/2015",
      "publicationDtsIso": "2015-09-29T13:37:00-04:00",
      "unassigned": false,
      "tags": [
        {
          "storeFrontBlogPostTagOid": 0,
          "storeFrontBlogPostOid": 0,
          "tag": "Sample Tag 1"
        }
      ],
      "attributes": [],
      "blogPageAttributes": []
    }
  ],
  "blogAuthors": [
    {
      "storeFrontBlogAuthorOid": 0,
      "storeFrontOid": 0,
      "author": "Josh",
      "email": "jyork03@gmail.com",
      "postCount": 1
    },
    {
      "storeFrontBlogAuthorOid": 0,
      "storeFrontOid": 0,
      "author": "Tyler Johnson",
      "email": "tyler@ultracart.com",
      "postCount": 0
    }
  ]
}